{"cameraMode":{"drawMode":0,"name":"Shaded","section":"Shading Mode"},"sceneLighting":false,"audioPlay":false,"sceneViewState":{"m_AlwaysRefresh":false,"showFog":true,"showSkybox":false,"showFlares":true,"showImageEffects":true,"showParticleSystems":true,"showVisualEffectGraphs":true,"m_FxEnabled":true},"in2DMode":false,"pivot":{"x":0.008955955505371094,"y":0.01117473840713501,"z":0.6804978847503662},"rotation":{"x":0.12627731263637544,"y":-0.7401083707809448,"z":0.1450214833021164,"w":0.6444202661514282},"size":6.878973484039307,"orthographic":true}